Caller,Receiver,Date,Start_time,End_time
1713577765,1985200855,08-06-18,2:34:00 PM,11:19:11 PM
1985200855,1713577765,08-06-18,3:34:00 PM,11:29:11 PM
1718670185,1985200855,08-06-18,4:34:00 PM,11:39:11 PM
1713577765,1985200855,08-06-18,5:34:00 PM,11:49:11 PM
1713577765,1985200855,09-06-18,6:34:00 PM,11:59:11 PM
1713577765,1718670185,09-06-18,7:34:00 PM,8:39:11 PM
1985200855,1718670185,09-06-18,8:34:00 PM,9:29:11 PM
1985200855,1718670185,09-06-18,9:34:00 PM,10:49:11 PM
1718670185,1713577765,09-06-18,10:34:00 PM,11:59:11 PM
1985200855,1713577765,09-06-18,11:34:00 AM,11:45:11 PM
1985200855,1718670185,12-06-18,2:34:00 PM,11:19:11 PM
1718670185,1985200855,12-06-18,3:34:00 PM,11:29:11 PM
1985200855,1718670185,13-06-18,4:34:00 PM,11:39:11 PM
1718670185,1985200855,14-06-18,5:34:00 PM,11:49:11 PM
1985200855,1718670185,15-06-18,6:34:00 PM,11:59:11 PM
1718670185,1985200855,16-06-18,7:34:00 PM,8:39:11 PM
1985200855,1713577765,17-06-18,8:34:00 PM,9:29:11 PM
1713577765,1985200855,18-06-18,9:34:00 PM,10:49:11 PM
1985200855,1718670185,19-06-18,10:34:00 PM,11:59:11 PM
1713577765,1985200855,20-06-18,11:34:00 AM,11:45:11 PM
1985200855,1713577765,21-06-18,2:34:00 PM,11:19:11 PM
1713577765,1985200855,22-06-18,3:34:00 PM,11:29:11 PM
1985200855,1718670185,23-06-18,4:34:00 PM,11:39:11 PM
1985200855,1718670185,24-06-18,5:34:00 PM,11:49:11 PM
1713577765,1718670185,25-06-18,6:34:00 PM,11:59:11 PM
1985200855,1713577765,26-06-18,7:34:00 PM,8:09:11 PM
1713577765,1985200855,27-06-18,8:34:00 PM,9:19:11 PM
1985200855,1718670185,28-06-18,9:34:00 PM,10:29:11 PM
1713577765,1985200855,29-06-18,10:34:00 PM,11:39:11 PM
1985200855,1985270185,30-06-18,2:34:00 PM,11:19:11 PM
1985270185,1985200855,01-07-18,3:34:00 PM,11:29:11 PM
1985200855,1918357765,02-07-18,4:34:00 PM,11:39:11 PM
1918357765,1985200855,03-07-18,5:34:00 PM,11:49:11 PM
1985200855,1818670185,04-07-18,6:34:00 PM,11:59:11 PM
1818670185,1985200855,05-07-18,7:34:00 PM,8:39:11 PM
1985200855,1518670185,06-07-18,8:34:00 PM,9:29:11 PM
1518670185,1985200855,07-07-18,9:34:00 PM,10:49:11 PM
1985200855,1518670185,08-07-18,10:34:00 PM,11:59:11 PM
1785200855,1985200855,09-07-18,11:34:00 AM,11:45:11 PM
1985200855,1785200855,10-07-18,2:34:00 PM,11:19:11 PM
1785200855,1985200855,11-07-18,3:34:00 PM,11:29:11 PM
1985200855,1785200855,12-07-18,4:34:00 PM,11:39:11 PM
1358670185,1985200855,13-07-18,5:34:00 PM,11:49:11 PM
1985200855,1358670185,14-07-18,6:34:00 PM,11:59:11 PM
1358670185,1985200855,15-07-18,7:34:00 PM,8:39:11 PM
1985200855,1358670185,16-07-18,8:34:00 PM,9:29:11 PM
1358670185,1985200855,17-07-18,9:34:00 PM,10:49:11 PM
1985200855,1823577765,18-07-18,10:34:00 PM,11:59:11 PM
1823577765,1985200855,19-07-18,11:34:00 AM,11:45:11 PM
1985200855,1823577765,20-07-18,2:34:00 PM,11:19:11 PM